{
    "theta0": 7930.039616123699,
    "theta1": -4449.653006408162,
    "maxMileage": 240000,
    "minMileage": 22899
}
